<Dataset id="Dbpedia_0e600c46d3ceeb8a" type="csv" uriProperty="">
  <MetaData>
    <Label>Dbpedia</Label>
    <Description xml:space="preserve"><![CDATA[]]></Description>
    <Modified>2025-03-29T09:22:39.303709Z</Modified>
    <Created>2025-03-29T08:46:08.910330Z</Created>
    <Tags> </Tags>
  </MetaData>
  <Param name="zipFileRegex" xml:space="preserve"><![CDATA[.*\.csv$]]></Param>
  <Param name="arraySeparator" xml:space="preserve"><![CDATA[]]></Param>
  <Param name="quoteEscapeCharacter" xml:space="preserve"><![CDATA["]]></Param>
  <Param name="separator" xml:space="preserve"><![CDATA[,]]></Param>
  <Param name="uri" xml:space="preserve"><![CDATA[{uri}]]></Param>
  <Param name="ignoreBadLines" xml:space="preserve"><![CDATA[false]]></Param>
  <Param name="quote" xml:space="preserve"><![CDATA["]]></Param>
  <Param name="properties" xml:space="preserve"><![CDATA[]]></Param>
  <Param name="regexFilter" xml:space="preserve"><![CDATA[]]></Param>
  <Param name="charset" xml:space="preserve"><![CDATA[UTF-8]]></Param>
  <Param name="file" xml:space="preserve"><![CDATA[sparql_2025-03-29_08-43-45Z.csv]]></Param>
  <Param name="linesToSkip" xml:space="preserve"><![CDATA[0]]></Param>
  <Param name="maxCharsPerColumn" xml:space="preserve"><![CDATA[128000]]></Param>
</Dataset>
