<Dataset id="output_d546a8499e5d7e53" type="file" uriProperty="">
  <MetaData>
    <Label>output</Label>
    <Description xml:space="preserve"><![CDATA[]]></Description>
    <Modified>2025-04-12T07:37:30.237465Z</Modified>
    <Created>2025-03-29T08:49:49.838946Z</Created>
    <Tags> </Tags>
  </MetaData>
  <Param name="zipFileRegex" xml:space="preserve"><![CDATA[.*]]></Param>
  <Param name="format" xml:space="preserve"><![CDATA[N-Triples]]></Param>
  <Param name="file" xml:space="preserve"><![CDATA[linked_output_encode.nt]]></Param>
  <Param name="graph" xml:space="preserve"><![CDATA[]]></Param>
  <Param name="entityList" xml:space="preserve"><![CDATA[]]></Param>
</Dataset>
