<Dataset id="Source_63e0454d7f6fda7d" type="csv" uriProperty="">
  <MetaData>
    <Label>Source</Label>
    <Description xml:space="preserve"><![CDATA[]]></Description>
    <Modified>2025-04-12T07:16:58.933468Z</Modified>
    <Created>2025-03-29T08:47:34.922350Z</Created>
    <Tags> </Tags>
  </MetaData>
  <Param name="zipFileRegex" xml:space="preserve"><![CDATA[.*\.csv$]]></Param>
  <Param name="arraySeparator" xml:space="preserve"><![CDATA[]]></Param>
  <Param name="quoteEscapeCharacter" xml:space="preserve"><![CDATA["]]></Param>
  <Param name="separator" xml:space="preserve"><![CDATA[,]]></Param>
  <Param name="uri" xml:space="preserve"><![CDATA[{uri}]]></Param>
  <Param name="ignoreBadLines" xml:space="preserve"><![CDATA[false]]></Param>
  <Param name="quote" xml:space="preserve"><![CDATA["]]></Param>
  <Param name="properties" xml:space="preserve"><![CDATA[]]></Param>
  <Param name="regexFilter" xml:space="preserve"><![CDATA[]]></Param>
  <Param name="charset" xml:space="preserve"><![CDATA[UTF-8]]></Param>
  <Param name="file" xml:space="preserve"><![CDATA[smartphone.csv]]></Param>
  <Param name="linesToSkip" xml:space="preserve"><![CDATA[0]]></Param>
  <Param name="maxCharsPerColumn" xml:space="preserve"><![CDATA[128000]]></Param>
</Dataset>
