<rdf:RDF xmlns:align="http://knowledgeweb.semanticweb.org/heterogeneity/alignment#" xmlns:xsd="http://www.w3.org/2001/XMLSchema#" xmlns:rdf="http://www.w3.org/1999/02/22-rdf-syntax-ns#" xmlns="http://knowledgeweb.semanticweb.org/heterogeneity/alignment#">
  <Alignment>
    <map>
      <Cell>
        <entity1 rdf:resource="http%3A%2F%2Fwww.semanticweb.org%2Fadmin%2Fontologies%2F2025%2F2%2Fsmartdevices.owl%23apple_iphone_13"/>
        <entity2 rdf:resource="http%3A%2F%2Fdbpedia.org%2Fresource%2FIPhone_13"/>
        <relation>=</relation>
        <measure rdf:datatype="http://www.w3.org/2001/XMLSchema#float">0.0</measure>
      </Cell>
    </map>
  </Alignment>
</rdf:RDF>
