<Interlink id="linking_8fc75f4f85ae804b" linkLimit="1000000" matchingExecutionTimeout="3600">
  <MetaData>
    <Label>linking</Label>
    <Description xml:space="preserve"><![CDATA[]]></Description>
    <Modified>2025-04-12T07:33:19.381698Z</Modified>
    <Created>2025-03-29T08:51:04.743562Z</Created>
    <Tags> </Tags>
  </MetaData>
  <SourceDataset dataSource="Source_63e0454d7f6fda7d" var="a" typeUri="">
    <RestrictTo xml:space="preserve">
          
        </RestrictTo>
  </SourceDataset>
  <TargetDataset dataSource="Dbpedia_0e600c46d3ceeb8a" var="b" typeUri="">
    <RestrictTo xml:space="preserve">
          
        </RestrictTo>
  </TargetDataset>
  <LinkageRule linkType="&lt;http://www.w3.org/2002/07/owl#sameAs&gt;">
    <Compare id="jaccard_2" weight="1" metric="jaccard" threshold="0.2" indexing="true">
      <TransformInput id="tokenize_2" function="tokenize">
        <TransformInput id="regexReplace_2" function="regexReplace">
          <TransformInput id="lowerCase" function="lowerCase">
            <Input id="sourcePathInput" path="name"/>
          </TransformInput>
          <Param name="regex" xml:space="preserve"><![CDATA[apple\s]]></Param>
          <Param name="replace" xml:space="preserve"><![CDATA[]]></Param>
        </TransformInput>
        <Param name="regex" xml:space="preserve"><![CDATA[\s]]></Param>
      </TransformInput>
      <TransformInput id="tokenize_3" function="tokenize">
        <TransformInput id="lowerCase_2" function="lowerCase">
          <Input id="targetPathInput" path="name"/>
        </TransformInput>
        <Param name="regex" xml:space="preserve"><![CDATA[\s]]></Param>
      </TransformInput>
    </Compare>
    <Filter/>
    <RuleLayout>
      <NodePositions>
        <NodePos id="targetPathInput" x="-345" y="375"/>
        <NodePos id="sourcePathInput" x="-345" y="135"/>
        <NodePos id="tokenize_2" x="945" y="90"/>
        <NodePos id="jaccard_2" x="1440" y="405"/>
        <NodePos id="lowerCase_2" x="150" y="420"/>
        <NodePos id="regexReplace_2" x="570" y="45"/>
        <NodePos id="lowerCase" x="150" y="165"/>
        <NodePos id="tokenize_3" x="975" y="450"/>
      </NodePositions>
    </RuleLayout>
    <UiAnnotations>
      <StickyNotes> </StickyNotes>
    </UiAnnotations>
  </LinkageRule>
  <Outputs>
    <Output id="output_d546a8499e5d7e53"></Output>
  </Outputs>
</Interlink>
