"uri","name","brandName","releaseDate"
"http://dbpedia.org/resource/Samsung_Galaxy_M30s","Samsung Galaxy M30s","Samsung Galaxy",2026-09-18
"http://dbpedia.org/resource/Vivo_X90","Vivo X90","Vivo Communication Technology",2022-12-06
"http://dbpedia.org/resource/Samsung_Galaxy_A04","Samsung Galaxy A04","Samsung Galaxy",2022-10-21
"http://dbpedia.org/resource/IPhone_14","IPhone 14","Apple Inc.",2022-10-07
"http://dbpedia.org/resource/Sony_Xperia_5_IV","Sony Xperia 5 IV","Sony Group Corporation",2022-09-22
"http://dbpedia.org/resource/IPhone_14_Pro","IPhone 14 Pro","Apple Inc.",2022-09-16
"http://dbpedia.org/resource/IPhone_14","IPhone 14","Apple Inc.",2022-09-16
"http://dbpedia.org/resource/Samsung_Galaxy_A04","Samsung Galaxy A04","Samsung Galaxy",2022-08-31
"http://dbpedia.org/resource/Samsung_Galaxy_Watch_5","Samsung Galaxy Watch 5","Samsung Galaxy",2022-08-26
"http://dbpedia.org/resource/Samsung_Galaxy_Z_Flip_4","Samsung Galaxy Z Flip 4","Samsung Galaxy",2022-08-26
"http://dbpedia.org/resource/Samsung_Galaxy_Z_Fold_4","Samsung Galaxy Z Fold 4","Samsung Galaxy",2022-08-25
"http://dbpedia.org/resource/Samsung_Galaxy_A04","Samsung Galaxy A04","Samsung Galaxy",2022-08-24
"http://dbpedia.org/resource/Xiaomi_Pad_5","Xiaomi Pad 5","Xiaomi",2022-08-11
"http://dbpedia.org/resource/Xiaomi_Pad_5","Xiaomi Pad 5","Xiaomi Corporation",2022-08-11
"http://dbpedia.org/resource/Xiaomi_MIX_Fold_2","Xiaomi MIX Fold 2","Xiaomi",2022-08-11
"http://dbpedia.org/resource/Xiaomi_MIX_Fold_2","Xiaomi MIX Fold 2","Xiaomi Corporation",2022-08-11
"http://dbpedia.org/resource/Samsung_Galaxy_A23","Samsung Galaxy A23","Samsung Galaxy",2022-08-05
"http://dbpedia.org/resource/Asus_ZenFone_9","Asus ZenFone 9",,2022-07-28
"http://dbpedia.org/resource/Nothing_Phone_1","Nothing Phone 1","Nothing Technology Limited",2022-07-12
"http://dbpedia.org/resource/Tecno_Camon_19","Tecno Camon 19",,2022-06-28
"http://dbpedia.org/resource/Tecno_Spark_9","Tecno Spark 9",,2022-06-06
"http://dbpedia.org/resource/Sony_Xperia_1_IV","Sony Xperia 1 IV","Sony Group Corporation",2022-06-01
"http://dbpedia.org/resource/Vivo_X80","Vivo X80","Vivo Communication Technology",2022-04-25
"http://dbpedia.org/resource/Vivo_X_Note","Vivo X Note","Vivo Communication Technology",2022-04-11
"http://dbpedia.org/resource/Vivo_X_Fold","Vivo X Fold","Vivo Communication Technology",2022-04-11
"http://dbpedia.org/resource/Samsung_Galaxy_A33_5G","Samsung Galaxy A33 5G","Samsung Galaxy",2022-03-17
"http://dbpedia.org/resource/Samsung_Galaxy_A73_5G","Samsung Galaxy A73 5G","Samsung Galaxy",2022-03-17
"http://dbpedia.org/resource/Samsung_Galaxy_F23_5G","Samsung Galaxy F23 5G","Samsung Galaxy",2022-03-08
"http://dbpedia.org/resource/Samsung_Galaxy_A23","Samsung Galaxy A23","Samsung Galaxy",2022-03-04
"http://dbpedia.org/resource/Samsung_Galaxy_M23_5G","Samsung Galaxy M23 5G","Samsung Galaxy",2022-03-04
"http://dbpedia.org/resource/Samsung_Galaxy_M33_5G","Samsung Galaxy M33 5G","Samsung Galaxy",2022-03-04
"http://dbpedia.org/resource/Samsung_Galaxy_S22","Samsung Galaxy S22","Samsung Galaxy",2022-02-25
"http://dbpedia.org/resource/Samsung_Galaxy_S21","Samsung Galaxy S21","Samsung Galaxy",2022-01-03
"http://dbpedia.org/resource/Sony_Xperia_PRO-I","Sony Xperia PRO-I","Sony Group Corporation",2021-12-15
"http://dbpedia.org/resource/Sony_Xperia_PRO-I","Sony Xperia PRO-I","Sony Group Corporation",2021-12-10
"http://dbpedia.org/resource/Samsung_Galaxy_A03","Samsung Galaxy A03","Samsung Galaxy",2021-11-26
"http://dbpedia.org/resource/Tecno_Camon_18","Tecno Camon 18",,2021-10-06
"http://dbpedia.org/resource/Sony_Xperia_5_III","Sony Xperia 5 III","Sony Group Corporation",2021-10-01
"http://dbpedia.org/resource/Samsung_Galaxy_F42_5G","Samsung Galaxy F42 5G","Samsung Galaxy",2021-09-29
"http://dbpedia.org/resource/IPhone_13_Pro","IPhone 13 Pro","Apple Inc.",2021-09-24
"http://dbpedia.org/resource/IPhone_13","IPhone 13",,2021-09-24
"http://dbpedia.org/resource/Xiaomi_11T","Xiaomi 11T","Xiaomi",2021-09-15
"http://dbpedia.org/resource/Xiaomi_11T","Xiaomi 11T","Xiaomi Corporation",2021-09-15
"http://dbpedia.org/resource/Samsung_Galaxy_M22","Samsung Galaxy M22","Samsung Galaxy",2021-09-14
"http://dbpedia.org/resource/Vivo_X70","Vivo X70","Vivo Communication Technology",2021-09-13
"http://dbpedia.org/resource/Vivo_X70","Vivo X70","Vivo Communication Technology",2021-09-09
"http://dbpedia.org/resource/Samsung_Galaxy_Z_Flip_3","Samsung Galaxy Z Flip 3","Samsung Group",2021-08-27
"http://dbpedia.org/resource/Samsung_Galaxy_Watch_4","Samsung Galaxy Watch 4","Samsung Galaxy",2021-08-27
"http://dbpedia.org/resource/Samsung_Galaxy_Z_Fold_3","Samsung Galaxy Z Fold 3","Samsung Galaxy",2021-08-27
"http://dbpedia.org/resource/Xiaomi_MIX_4","Xiaomi MIX 4","Xiaomi",2021-08-16
"http://dbpedia.org/resource/Xiaomi_MIX_4","Xiaomi MIX 4","Xiaomi Corporation",2021-08-16
"http://dbpedia.org/resource/Xiaomi_Pad_5","Xiaomi Pad 5","Xiaomi",2021-08-10
"http://dbpedia.org/resource/Xiaomi_Pad_5","Xiaomi Pad 5","Xiaomi Corporation",2021-08-10
"http://dbpedia.org/resource/Tecno_Phantom_X","Tecno Phantom X",,2021-07-01
"http://dbpedia.org/resource/Samsung_Galaxy_A22_5G","Samsung Galaxy A22 5G","Samsung Group",2021-06-24
"http://dbpedia.org/resource/Samsung_Galaxy_M32","Samsung Galaxy M32","Samsung Galaxy",2021-06-21
"http://dbpedia.org/resource/Sony_Xperia_1_III","Sony Xperia 1 III","Sony Group Corporation",2021-06-01
"http://dbpedia.org/resource/Samsung_Galaxy_F52_5G","Samsung Galaxy F52 5G","Samsung Galaxy",2021-05-20
"http://dbpedia.org/resource/Asus_ZenFone_8","Asus ZenFone 8",,2021-05-12
"http://dbpedia.org/resource/Tecno_Camon_17","Tecno Camon 17",,2021-05-06
"http://dbpedia.org/resource/Sony_Xperia_10_III","Sony Xperia 10 III","Sony Group Corporation",2021-04-14
"http://dbpedia.org/resource/Xiaomi_Mi_11_Ultra","Xiaomi Mi 11 Ultra",,2021-03-29
"http://dbpedia.org/resource/Samsung_Galaxy_A52","Samsung Galaxy A52","Samsung Group",2021-03-17
"http://dbpedia.org/resource/Samsung_Galaxy_A72","Samsung Galaxy A72","Samsung Group",2021-03-17
"http://dbpedia.org/resource/Samsung_Galaxy_Xcover_5","Samsung Galaxy Xcover 5","Samsung Galaxy",2021-03-04
"http://dbpedia.org/resource/Samsung_Galaxy_A02","Samsung Galaxy A02","Samsung Group",2021-01-27
"http://dbpedia.org/resource/Samsung_Galaxy_S21","Samsung Galaxy S21","Samsung Galaxy",2021-01-14
"http://dbpedia.org/resource/Samsung_Galaxy_A02s","Samsung Galaxy A02s","Samsung Group",2020-11-24
"http://dbpedia.org/resource/Samsung_Galaxy_A12","Samsung Galaxy A12","Samsung Group",2020-11-24
"http://dbpedia.org/resource/IPhone_12","IPhone 12","Apple Inc.",2020-11-13
"http://dbpedia.org/resource/IPhone_12_Pro","IPhone 12 Pro","Apple Inc.",2020-11-13
"http://dbpedia.org/resource/Samsung_Galaxy_A42_5G","Samsung Galaxy A42 5G","Samsung Group",2020-11-11
"http://dbpedia.org/resource/IPhone_12","IPhone 12","Apple Inc.",2020-10-23
"http://dbpedia.org/resource/IPhone_12_Pro","IPhone 12 Pro","Apple Inc.",2020-10-23
"http://dbpedia.org/resource/Sony_Xperia_5_II","Sony Xperia 5 II",,2020-10-12
"http://dbpedia.org/resource/Samsung_Galaxy_S20","Samsung Galaxy S20","Samsung Galaxy",2020-10-02
"http://dbpedia.org/resource/Xiaomi_Mi_10T","Xiaomi Mi 10T",,2020-09-30
"http://dbpedia.org/resource/Samsung_Galaxy_Z_Fold_2","Samsung Galaxy Z Fold 2","Samsung Galaxy",2020-09-18
"http://dbpedia.org/resource/Oppo_F17_Pro","Oppo F17 Pro",,2020-09-07
"http://dbpedia.org/resource/Asus_ZenFone_7","Asus ZenFone 7",,2020-09-01
"http://dbpedia.org/resource/Samsung_Galaxy_Note_20","Samsung Galaxy Note 20","Samsung Galaxy",2020-08-21
"http://dbpedia.org/resource/Xiaomi_Mi_10_Ultra","Xiaomi Mi 10 Ultra",,2020-08-16
"http://dbpedia.org/resource/Samsung_Galaxy_A01_Core","Samsung Galaxy A01 Core",,2020-08-06
"http://dbpedia.org/resource/Samsung_Galaxy_Watch_3","Samsung Galaxy Watch 3","Samsung Galaxy",2020-08-05
"http://dbpedia.org/resource/Samsung_Galaxy_A71","Samsung Galaxy A71","Samsung Group",2020-07-16
"http://dbpedia.org/resource/Tecno_Pouvoir_4","Tecno Pouvoir 4",,2020-07-07
"http://dbpedia.org/resource/Realme_C3","Realme C3","Realme Mobile Telecommunications Corp., Ltd.",2020-06-24
"http://dbpedia.org/resource/Samsung_Galaxy_A71","Samsung Galaxy A71","Samsung Group",2020-06-15
"http://dbpedia.org/resource/Samsung_Galaxy_A41","Samsung Galaxy A41","Samsung Group",2020-05-22
"http://dbpedia.org/resource/Sony_Xperia_1_II","Sony Xperia 1 II","Sony Group Corporation",2020-05-22
"http://dbpedia.org/resource/Samsung_Galaxy_A21s","Samsung Galaxy A21s",,2020-05-15
"http://dbpedia.org/resource/Infinix_Note_7","Infinix Note 7",,2020-05-14
"http://dbpedia.org/resource/Realme_C3","Realme C3","Realme Mobile Telecommunications Corp., Ltd.",2020-05-11
"http://dbpedia.org/resource/Sony_Xperia_10_II","Sony Xperia 10 II","Sony Group Corporation",2020-05-05
"http://dbpedia.org/resource/Samsung_Galaxy_A11","Samsung Galaxy A11","Samsung Group",2020-05-01
"http://dbpedia.org/resource/Sony_Xperia_L4","Sony Xperia L4","Sony Group Corporation",2020-04-28
"http://dbpedia.org/resource/Samsung_Galaxy_A31","Samsung Galaxy A31","Samsung Group",2020-04-27
"http://dbpedia.org/resource/Honor_30","Honor 30",,2020-04-15
"http://dbpedia.org/resource/Tecno_Camon_15","Tecno Camon 15",,2020-04-02
"http://dbpedia.org/resource/Samsung_Galaxy_S20","Samsung Galaxy S20","Samsung Galaxy",2020-03-06
"http://dbpedia.org/resource/Oppo_Find_X2","Oppo Find X2","OPPO",2020-03-06
"http://dbpedia.org/resource/Realme_C3","Realme C3","Realme Mobile Telecommunications Corp., Ltd.",2020-02-19
"http://dbpedia.org/resource/Xiaomi_Mi_10","Xiaomi Mi 10",,2020-02-18
"http://dbpedia.org/resource/Xiaomi_Mi_10","Xiaomi Mi 10",,2020-02-14
"http://dbpedia.org/resource/Realme_C3","Realme C3","Realme Mobile Telecommunications Corp., Ltd.",2020-02-06
"http://dbpedia.org/resource/Samsung_Galaxy_A01","Samsung Galaxy A01","Samsung Group",2020-01-24
"http://dbpedia.org/resource/Samsung_Galaxy_A71","Samsung Galaxy A71","Samsung Group",2020-01-17
"http://dbpedia.org/resource/Samsung_Galaxy_S10","Samsung Galaxy S10","Samsung Galaxy",2020-01-03
"http://dbpedia.org/resource/Xiaomi_Mi_CC9_Pro","Xiaomi Mi CC9 Pro",,2019-11-11
"http://dbpedia.org/resource/IPhone_11_Pro","IPhone 11 Pro","Apple Inc.",2019-09-20
"http://dbpedia.org/resource/IPhone_11","IPhone 11","Apple Inc.",2019-09-20
"http://dbpedia.org/resource/Tecno_Camon_12","Tecno Camon 12",,2019-09-05
"http://dbpedia.org/resource/Samsung_Galaxy_A90_5G","Samsung Galaxy A90 5G","Samsung Group",2019-09-03
"http://dbpedia.org/resource/Tecno_Spark_4","Tecno Spark 4",,2019-08-29
"http://dbpedia.org/resource/Samsung_Galaxy_A10s","Samsung Galaxy A10s","Samsung Galaxy",2019-08-27
"http://dbpedia.org/resource/Realme_5","Realme 5","Realme Mobile Telecommunications Corp., Ltd.",2019-08-20
"http://dbpedia.org/resource/Realme_5_Pro","Realme 5 Pro","Realme Mobile Telecommunications Corp., Ltd.",2019-08-20
"http://dbpedia.org/resource/Realme_3","Realme 3","Realme Mobile Telecommunications Corp., Ltd.",2019-07-15
"http://dbpedia.org/resource/Samsung_Galaxy_A80","Samsung Galaxy A80","Samsung Group",2019-05-29
"http://dbpedia.org/resource/Honor_20","Honor 20",,2019-05-21
"http://dbpedia.org/resource/Asus_ZenFone_6","Asus ZenFone 6",,2019-05-16
"http://dbpedia.org/resource/Samsung_Galaxy_Tab_S5e","Samsung Galaxy Tab S5e","Samsung Galaxy",2019-04-26
"http://dbpedia.org/resource/Realme_3","Realme 3","Realme Mobile Telecommunications Corp., Ltd.",2019-04-22
"http://dbpedia.org/resource/Samsung_Galaxy_A2_Core","Samsung Galaxy A2 Core","Samsung Group",2019-04-15
"http://dbpedia.org/resource/Samsung_Galaxy_A40","Samsung Galaxy A40","Samsung Galaxy",2019-04-10
"http://dbpedia.org/resource/Samsung_Galaxy_S10","Samsung Galaxy S10","Samsung Galaxy",2019-03-04
"http://dbpedia.org/resource/Realme_3","Realme 3","Realme Mobile Telecommunications Corp., Ltd.",2019-03-04
"http://dbpedia.org/resource/Samsung_Galaxy_A30","Samsung Galaxy A30","Samsung Group",2019-03-02
"http://dbpedia.org/resource/Samsung_Galaxy_A10","Samsung Galaxy A10","Samsung Group",2019-02-25
"http://dbpedia.org/resource/Samsung_Galaxy_A50","Samsung Galaxy A50","Samsung Group",2019-02-25
"http://dbpedia.org/resource/Samsung_Galaxy_M10","Samsung Galaxy M10","Samsung Galaxy",2019-02-05
"http://dbpedia.org/resource/Samsung_Galaxy_M20","Samsung Galaxy M20","Samsung Galaxy",2019-02-05
"http://dbpedia.org/resource/Vivo_NEX_Dual_Display","Vivo NEX Dual Display",,2018-12-11
"http://dbpedia.org/resource/Samsung_Galaxy_A8s","Samsung Galaxy A8s","Samsung Galaxy",2018-12-10
"http://dbpedia.org/resource/Samsung_Galaxy_J4_Core","Samsung Galaxy J4 Core",,2018-11-12
"http://dbpedia.org/resource/Xiaomi_Mi_MIX_3","Xiaomi Mi MIX 3","Xiaomi",2018-11-11
"http://dbpedia.org/resource/Xiaomi_Mi_MIX_3","Xiaomi Mi MIX 3","Xiaomi Corporation",2018-11-11
"http://dbpedia.org/resource/IPhone_XR","IPhone XR","Apple Inc.",2018-10-26
"http://dbpedia.org/resource/Samsung_Galaxy_A9_(2018)","Samsung Galaxy A9 (2018)","Samsung Galaxy",2018-10-24
"http://dbpedia.org/resource/Honor_8x","Honor 8x",,2018-10-24
"http://dbpedia.org/resource/Samsung_Galaxy_A9_(2018)","Samsung Galaxy A9 (2018)","Samsung Galaxy",2018-10-11
"http://dbpedia.org/resource/Oppo_R17","Oppo R17",,2018-10-10
"http://dbpedia.org/resource/Sony_Xperia_XZ3","Sony Xperia XZ3","Sony Mobile Communications Inc.",2018-10-05
"http://dbpedia.org/resource/IPhone_XS","IPhone XS","Apple Inc.",2018-09-21
"http://dbpedia.org/resource/Samsung_Galaxy_A7_(2018)","Samsung Galaxy A7 (2018)","Samsung Galaxy",2018-09-20
"http://dbpedia.org/resource/Nokia_6.1_Plus","Nokia 6.1 Plus","Nokia Corporation",2018-08-30
"http://dbpedia.org/resource/Samsung_Galaxy_J2_Core","Samsung Galaxy J2 Core",,2018-08-24
"http://dbpedia.org/resource/Oppo_R17","Oppo R17",,2018-08-23
"http://dbpedia.org/resource/Oppo_F9","Oppo F9","OPPO",2018-08-15
"http://dbpedia.org/resource/Samsung_Galaxy_Note_9","Samsung Galaxy Note 9","Samsung Galaxy",2018-08-09
"http://dbpedia.org/resource/Asus_ZenFone_5","Asus ZenFone 5","ASUSTek Computer Inc.",2018-08-06
"http://dbpedia.org/resource/Sony_Xperia_XZ2_Premium","Sony Xperia XZ2 Premium",,2018-07-30
"http://dbpedia.org/resource/Oppo_Find_X","Oppo Find X","OPPO",2018-07-18
"http://dbpedia.org/resource/Samsung_Galaxy_J3_(2018)","Samsung Galaxy J3 (2018)",,2018-07-08
"http://dbpedia.org/resource/Samsung_Galaxy_J4","Samsung Galaxy J4",,2018-05-22
"http://dbpedia.org/resource/Samsung_Galaxy_A6_/_A6+","Samsung Galaxy A6 / A6+","Samsung Galaxy",2018-05-02
"http://dbpedia.org/resource/Xiaomi_Mi_MIX_2S","Xiaomi Mi MIX 2S","Xiaomi",2018-04-26
"http://dbpedia.org/resource/Xiaomi_Mi_MIX_2S","Xiaomi Mi MIX 2S","Xiaomi Corporation",2018-04-26
"http://dbpedia.org/resource/Sony_Xperia_XZ2","Sony Xperia XZ2",,2018-04-05
"http://dbpedia.org/resource/Sony_Xperia_XZ2_Compact","Sony Xperia XZ2 Compact",,2018-04-05
"http://dbpedia.org/resource/Oppo_R15_Pro","Oppo R15 Pro",,2018-03-31
"http://dbpedia.org/resource/Oppo_F7","Oppo F7",,2018-03-26
"http://dbpedia.org/resource/Samsung_Galaxy_S9","Samsung Galaxy S9","Samsung Galaxy",2018-03-16
"http://dbpedia.org/resource/Sony_Xperia_XA2","Sony Xperia XA2",,2018-02-01
"http://dbpedia.org/resource/Samsung_Galaxy_A8_(2018)","Samsung Galaxy A8 (2018)","Samsung Galaxy",2017-12-17
"http://dbpedia.org/resource/IPhone_X","IPhone X","Apple Inc.",2017-11-03
"http://dbpedia.org/resource/Nokia_3310_(2017)","Nokia 3310 (2017)","Nokia Corporation",2017-10-29
"http://dbpedia.org/resource/IPhone_8","IPhone 8","Apple Inc.",2017-09-22
"http://dbpedia.org/resource/Sony_Xperia_XZ1_Compact","Sony Xperia XZ1 Compact","Sony Group Corporation",2017-08-31
"http://dbpedia.org/resource/Sony_Xperia_XZ1","Sony Xperia XZ1",,2017-08-31
"http://dbpedia.org/resource/Samsung_Galaxy_Note_8","Samsung Galaxy Note 8","Samsung Galaxy",2017-08-23
"http://dbpedia.org/resource/Nokia_130_(2017)","Nokia 130 (2017)","Nokia Corporation",2017-07-17
"http://dbpedia.org/resource/Nokia_105_(2017)","Nokia 105 (2017)","Nokia Corporation",2017-07-17
"http://dbpedia.org/resource/Samsung_Galaxy_Note_7","Samsung Galaxy Note 7","Samsung Galaxy",2017-07-07
"http://dbpedia.org/resource/Samsung_Galaxy_J5_Plus_(2017)","Samsung Galaxy J5 Plus (2017)",,2017-06-26
"http://dbpedia.org/resource/Sony_Xperia_XZ_Premium","Sony Xperia XZ Premium",,2017-06-02
"http://dbpedia.org/resource/Oppo_R11","Oppo R11",,2017-05-20
"http://dbpedia.org/resource/Sony_Xperia_XZs","Sony Xperia XZs",,2017-04-05
"http://dbpedia.org/resource/Sony_Xperia_XA1","Sony Xperia XA1",,2017-03-31
"http://dbpedia.org/resource/IPhone_6","IPhone 6","Apple Inc.",2017-03-10
"http://dbpedia.org/resource/Nokia_3310_(2017)","Nokia 3310 (2017)","Nokia Corporation",2017-02-26
"http://dbpedia.org/resource/Samsung_Galaxy_A3_(2017)","Samsung Galaxy A3 (2017)","Samsung Galaxy",2017-01-02
"http://dbpedia.org/resource/Samsung_Galaxy_A5_(2017)","Samsung Galaxy A5 (2017)","Samsung Galaxy",2017-01-02
"http://dbpedia.org/resource/Samsung_Galaxy_A7_(2017)","Samsung Galaxy A7 (2017)","Samsung Galaxy",2017-01-02
"http://dbpedia.org/resource/Nokia_150","Nokia 150","Nokia Corporation",2016-12-13
"http://dbpedia.org/resource/Meizu_M5_Note","Meizu M5 Note",,2016-12-06
"http://dbpedia.org/resource/Xiaomi_Mi_MIX","Xiaomi Mi MIX","Xiaomi",2016-11-04
"http://dbpedia.org/resource/Xiaomi_Mi_MIX","Xiaomi Mi MIX","Xiaomi Corporation",2016-11-04
"http://dbpedia.org/resource/Meizu_M5","Meizu M5",,2016-10-31
"http://dbpedia.org/resource/Samsung_Galaxy_On7_Pro","Samsung Galaxy On7 Pro",,2016-10-25
"http://dbpedia.org/resource/Samsung_Galaxy_A8_(2016)","Samsung Galaxy A8 (2016)","Samsung Galaxy",2016-09-30
"http://dbpedia.org/resource/Sony_Xperia_XZ","Sony Xperia XZ",,2016-09-30
"http://dbpedia.org/resource/IPhone_7","IPhone 7","Apple Inc.",2016-09-16
"http://dbpedia.org/resource/Sony_Xperia_X_Compact","Sony Xperia X Compact",,2016-09-08
"http://dbpedia.org/resource/Meizu_M3_Max","Meizu M3 Max",,2016-09-05
"http://dbpedia.org/resource/Meizu_U10","Meizu U10",,2016-08-24
"http://dbpedia.org/resource/Meizu_U20","Meizu U20",,2016-08-24
"http://dbpedia.org/resource/Samsung_Z2","Samsung Z2","Samsung Group",2016-08-23
"http://dbpedia.org/resource/Samsung_Galaxy_Note_7","Samsung Galaxy Note 7","Samsung Galaxy",2016-08-19
"http://dbpedia.org/resource/Meizu_M3E","Meizu M3E",,2016-08-10
"http://dbpedia.org/resource/Meizu_MX6","Meizu MX6",,2016-07-19
"http://dbpedia.org/resource/Sony_Xperia_X_Performance","Sony Xperia X Performance",,2016-06-15
"http://dbpedia.org/resource/Samsung_Galaxy_J3_Pro","Samsung Galaxy J3 Pro",,2016-06-06
"http://dbpedia.org/resource/Meizu_PRO_6","Meizu PRO 6",,2016-04-13
"http://dbpedia.org/resource/Meizu_M3_Note","Meizu M3 Note",,2016-04-06
"http://dbpedia.org/resource/Samsung_Galaxy_A9_Pro_(2016)","Samsung Galaxy A9 Pro (2016)","Samsung Galaxy",2016-03-30
"http://dbpedia.org/resource/Meizu_PRO_5_Ubuntu_Edition","Meizu PRO 5 Ubuntu Edition",,2016-02-17
"http://dbpedia.org/resource/Samsung_Galaxy_J1_(2016)","Samsung Galaxy J1 (2016)",,2016-01-13
"http://dbpedia.org/resource/Samsung_Galaxy_A5_(2016)","Samsung Galaxy A5 (2016)","Samsung Galaxy",2015-12-02
"http://dbpedia.org/resource/Samsung_Galaxy_A7_(2016)","Samsung Galaxy A7 (2016)","Samsung Galaxy",2015-12-02
"http://dbpedia.org/resource/Samsung_Galaxy_A9_(2016)","Samsung Galaxy A9 (2016)","Samsung Galaxy",2015-12-02
"http://dbpedia.org/resource/Sony_Xperia_Z5_Premium","Sony Xperia Z5 Premium",,2015-11-05
"http://dbpedia.org/resource/Samsung_Galaxy_On7","Samsung Galaxy On7",,2015-10-25
"http://dbpedia.org/resource/Samsung_Z3","Samsung Z3","Samsung Group",2015-10-14
"http://dbpedia.org/resource/IPhone_6S","IPhone 6S","Apple Inc.",2015-09-25
"http://dbpedia.org/resource/Meizu_PRO_5","Meizu PRO 5",,2015-09-23
"http://dbpedia.org/resource/Samsung_Galaxy_J2","Samsung Galaxy J2",,2015-09-11
"http://dbpedia.org/resource/Sony_Xperia_Z5_Compact","Sony Xperia Z5 Compact",,2015-09-02
"http://dbpedia.org/resource/Samsung_Galaxy_Grand_Max","Samsung Galaxy Grand Max",,2015-08-14
"http://dbpedia.org/resource/Sony_Xperia_C5_Ultra","Sony Xperia C5 Ultra",,2015-08-14
"http://dbpedia.org/resource/ZTE_Max_Duo","ZTE Max Duo",,2015-08-07
"http://dbpedia.org/resource/Meizu_MX5","Meizu MX5",,2015-06-30
"http://dbpedia.org/resource/Samsung_Galaxy_J5","Samsung Galaxy J5",,2015-06-26
"http://dbpedia.org/resource/Samsung_Galaxy_J7","Samsung Galaxy J7",,2015-06-26
"http://dbpedia.org/resource/Meizu_MX4_Ubuntu_Edition","Meizu MX4 Ubuntu Edition",,2015-06-25
"http://dbpedia.org/resource/Sony_Xperia_Z3+","Sony Xperia Z3+",,2015-06-16
"http://dbpedia.org/resource/Meizu_M3S","Meizu M3S",,2015-06-13
"http://dbpedia.org/resource/Samsung_Galaxy_S6_Active","Samsung Galaxy S6 Active",,2015-06-12
"http://dbpedia.org/resource/Nokia_105_(2015)","Nokia 105 (2015)","Nokia Corporation",2015-06-03
"http://dbpedia.org/resource/Meizu_M2_Note","Meizu M2 Note",,2015-06-02
"http://dbpedia.org/resource/Sony_Xperia_Z3+","Sony Xperia Z3+",,2015-05-26
"http://dbpedia.org/resource/Oppo_R7","Oppo R7",,2015-05-20
"http://dbpedia.org/resource/Samsung_Galaxy_J3_(2016)","Samsung Galaxy J3 (2016)",,2015-05-06
"http://dbpedia.org/resource/Sony_Xperia_Z3+","Sony Xperia Z3+",,2015-04-20
"http://dbpedia.org/resource/Samsung_Z1","Samsung Z1","Samsung Group",2015-01-14
"http://dbpedia.org/resource/Samsung_Galaxy_A7_(2015)","Samsung Galaxy A7 (2015)",,2015-01-12
"http://dbpedia.org/resource/Meizu_M1_Note","Meizu M1 Note",,2014-12-23
"http://dbpedia.org/resource/Meizu_MX4_Pro","Meizu MX4 Pro",,2014-11-19
"http://dbpedia.org/resource/Sony_Xperia_Z3_Compact","Sony Xperia Z3 Compact",,2014-11-12
"http://dbpedia.org/resource/Sony_Xperia_Z3_Compact","Sony Xperia Z3 Compact",,2014-10-13
"http://dbpedia.org/resource/Nokia_Lumia_830","Nokia Lumia 830",,2014-10-09
"http://dbpedia.org/resource/Sony_Xperia_Z3_Compact","Sony Xperia Z3 Compact",,2014-10-04
"http://dbpedia.org/resource/IPhone_6","IPhone 6","Apple Inc.",2014-09-19
"http://dbpedia.org/resource/Sony_Xperia_Z3","Sony Xperia Z3",,2014-09-04
"http://dbpedia.org/resource/Samsung_Galaxy_Note_Edge","Samsung Galaxy Note Edge",,2014-09-03
"http://dbpedia.org/resource/Sony_Xperia_E3","Sony Xperia E3",,2014-09-03
"http://dbpedia.org/resource/Meizu_MX4","Meizu MX4",,2014-09-02
"http://dbpedia.org/resource/Samsung_Galaxy_Alpha","Samsung Galaxy Alpha","Samsung Galaxy",2014-08-13
"http://dbpedia.org/resource/Samsung_Galaxy_S_Duos_3","Samsung Galaxy S Duos 3",,2014-08-05
"http://dbpedia.org/resource/Samsung_Galaxy_Ace_4","Samsung Galaxy Ace 4",,2014-08-01
"http://dbpedia.org/resource/Samsung_Galaxy_S5","Samsung Galaxy S5",,2014-04-11
"http://dbpedia.org/resource/Sony_Xperia_Z2","Sony Xperia Z2","Sony Mobile Communications Inc.",2014-03-24
"http://dbpedia.org/resource/Nokia_Lumia_Icon","Nokia Lumia Icon","Nokia Corporation",2014-02-20
"http://dbpedia.org/resource/Samsung_Galaxy_Note_3_Neo","Samsung Galaxy Note 3 Neo",,2014-02-01
"http://dbpedia.org/resource/Sony_Xperia_Z1_Compact","Sony Xperia Z1 Compact","Sony Group Corporation",2014-01-24
"http://dbpedia.org/resource/Sony_Xperia_E1","Sony Xperia E1",,2014-01-14
"http://dbpedia.org/resource/Sony_Xperia_Z1_Compact","Sony Xperia Z1 Compact","Sony Group Corporation",2013-12-19
"http://dbpedia.org/resource/Oppo_N1","Oppo N1",,2013-12-10
"http://dbpedia.org/resource/Samsung_Galaxy_S_Duos_2","Samsung Galaxy S Duos 2",,2013-12-05
"http://dbpedia.org/resource/Samsung_Galaxy_Round","Samsung Galaxy Round",,2013-10-09
"http://dbpedia.org/resource/Samsung_HomeSync","Samsung HomeSync",,2013-10-06
"http://dbpedia.org/resource/Samsung_Galaxy_Note_3","Samsung Galaxy Note 3",,2013-09-25
"http://dbpedia.org/resource/IPhone_5S","IPhone 5S","Apple Inc.",2013-09-20
"http://dbpedia.org/resource/IPhone_5C","IPhone 5C",,2013-09-20
"http://dbpedia.org/resource/Meizu_MX3","Meizu MX3",,2013-09-02
"http://dbpedia.org/resource/Nokia_Lumia_1020","Nokia Lumia 1020","Nokia Corporation",2013-07-26
"http://dbpedia.org/resource/Sony_Xperia_Z_Ultra","Sony Xperia Z Ultra",,2013-07-24
"http://dbpedia.org/resource/Nokia_Lumia_625","Nokia Lumia 625",,2013-07-23
"http://dbpedia.org/resource/Samsung_Galaxy_S4_Active","Samsung Galaxy S4 Active","Samsung Group",2013-06-21
"http://dbpedia.org/resource/Samsung_Galaxy_Ace_3","Samsung Galaxy Ace 3",,2013-06-10
"http://dbpedia.org/resource/Samsung_Galaxy_Y_Plus","Samsung Galaxy Y Plus",,2013-05-25
"http://dbpedia.org/resource/Samsung_Galaxy_Win","Samsung Galaxy Win",,2013-05-20
"http://dbpedia.org/resource/Sony_Xperia_ZR","Sony Xperia ZR",,2013-05-17
"http://dbpedia.org/resource/Nokia_Lumia_928","Nokia Lumia 928",,2013-05-16
"http://dbpedia.org/resource/Samsung_Galaxy_S4","Samsung Galaxy S4",,2013-04-27
"http://dbpedia.org/resource/Samsung_Galaxy_Fame","Samsung Galaxy Fame","Samsung Galaxy",2013-04-23
"http://dbpedia.org/resource/Sony_Xperia_SP","Sony Xperia SP",,2013-03-18
"http://dbpedia.org/resource/Samsung_Galaxy_Young","Samsung Galaxy Young","Samsung Galaxy",2013-03-14
"http://dbpedia.org/resource/Sony_Xperia_L","Sony Xperia L",,2013-03-13
"http://dbpedia.org/resource/Samsung_Galaxy_Xcover_2","Samsung Galaxy Xcover 2",,2013-03-01
"http://dbpedia.org/resource/Sony_Xperia_Z","Sony Xperia Z","Sony Group Corporation",2013-02-09
"http://dbpedia.org/resource/Samsung_Galaxy_Grand","Samsung Galaxy Grand",,2013-01-21
"http://dbpedia.org/resource/Meizu_MX2","Meizu MX2",,2012-11-27
"http://dbpedia.org/resource/Nokia_Lumia_822","Nokia Lumia 822",,2012-11-15
"http://dbpedia.org/resource/Nokia_Lumia_820","Nokia Lumia 820",,2012-11-07
"http://dbpedia.org/resource/Nokia_Lumia_920","Nokia Lumia 920",,2012-11-02
"http://dbpedia.org/resource/Sony_Xperia_TX","Sony Xperia TX","Sony Group Corporation",2012-10-08
"http://dbpedia.org/resource/Samsung_Galaxy_Note_II","Samsung Galaxy Note II",,2012-09-26
"http://dbpedia.org/resource/IPhone_5","IPhone 5","Apple Inc.",2012-09-21
"http://dbpedia.org/resource/Samsung_Galaxy_S_Relay_4G","Samsung Galaxy S Relay 4G",,2012-09-19
"http://dbpedia.org/resource/Sony_Xperia_miro","Sony Xperia miro",,2012-09-19
"http://dbpedia.org/resource/Sony_Xperia_J","Sony Xperia J",,2012-08-29
"http://dbpedia.org/resource/Meizu_MX","Meizu MX",,2012-07-14
"http://dbpedia.org/resource/Samsung_Galaxy_Beam_i8530","Samsung Galaxy Beam i8530",,2012-07-01
"http://dbpedia.org/resource/Meizu_MX","Meizu MX",,2012-06-30
"http://dbpedia.org/resource/Sony_Xperia_neo_L","Sony Xperia neo L",,2012-06-01
"http://dbpedia.org/resource/Samsung_Galaxy_R_Style","Samsung Galaxy R Style","Samsung Group",2012-05-31
"http://dbpedia.org/resource/Samsung_Galaxy_S_III","Samsung Galaxy S III",,2012-05-29
"http://dbpedia.org/resource/Samsung_Galaxy_Ace_2","Samsung Galaxy Ace 2",,2012-05-22
"http://dbpedia.org/resource/Sony_Xperia_U","Sony Xperia U",,2012-05-15
"http://dbpedia.org/resource/Sony_Xperia_neo_L","Sony Xperia neo L",,2012-03-21
"http://dbpedia.org/resource/Sony_Xperia_Ion","Sony Xperia Ion",,2012-03-02
"http://dbpedia.org/resource/Sony_Xperia_S","Sony Xperia S",,2012-03-01
"http://dbpedia.org/resource/Samsung_Galaxy_Ace_Plus","Samsung Galaxy Ace Plus",,2012-02-28
"http://dbpedia.org/resource/Samsung_Galaxy_Mini_2","Samsung Galaxy Mini 2","Samsung Group",2012-02-01
"http://dbpedia.org/resource/Meizu_MX","Meizu MX",,2012-02-01
"http://dbpedia.org/resource/Samsung_Galaxy_Y_DUOS","Samsung Galaxy Y DUOS",,2012-01-01
"http://dbpedia.org/resource/Samsung_Galaxy_Y_Pro_DUOS","Samsung Galaxy Y Pro DUOS",,2012-01-01
"http://dbpedia.org/resource/Samsung_Focus_S","Samsung Focus S",,2011-11-06
"http://dbpedia.org/resource/Samsung_Galaxy_Note_(2011_smartphone)","Samsung Galaxy Note (2011 smartphone)",,2011-10-29
"http://dbpedia.org/resource/Nokia_Asha_300","Nokia Asha 300",,2011-10-16
"http://dbpedia.org/resource/IPhone_4S","IPhone 4S","Apple Inc.",2011-10-14
"http://dbpedia.org/resource/Sony_Ericsson_Xperia_active","Sony Ericsson Xperia active",,2011-10-01
"http://dbpedia.org/resource/Samsung_Galaxy_Xcover","Samsung Galaxy Xcover",,2011-08-01
"http://dbpedia.org/resource/Samsung_Infuse_4G","Samsung Infuse 4G",,2011-05-15
"http://dbpedia.org/resource/Samsung_Galaxy_S_4G_LTE","Samsung Galaxy S 4G LTE",,2011-05-14
"http://dbpedia.org/resource/Samsung_Galaxy_S_II","Samsung Galaxy S II","Samsung Galaxy",2011-05-02
"http://dbpedia.org/resource/Samsung_Galaxy_Prevail","Samsung Galaxy Prevail",,2011-04-11
"http://dbpedia.org/resource/Sony_Ericsson_Xperia_arc","Sony Ericsson Xperia arc",,2011-03-24
"http://dbpedia.org/resource/Samsung_Galaxy_Fit_(smartphone)","Samsung Galaxy Fit (smartphone)",,2011-03-22
"http://dbpedia.org/resource/Nokia_X1-00","Nokia X1-00",,2011-03-08
"http://dbpedia.org/resource/Samsung_Galaxy_Gio","Samsung Galaxy Gio",,2011-03-01
"http://dbpedia.org/resource/Samsung_Galaxy_Ace","Samsung Galaxy Ace",,2011-02-01
"http://dbpedia.org/resource/ZTE_Blade","ZTE Blade",,2010-09-21
"http://dbpedia.org/resource/Samsung_Intensity_II","Samsung Intensity II",,2010-07-29
"http://dbpedia.org/resource/Samsung_Continuum","Samsung Continuum",,2010-06-04
"http://dbpedia.org/resource/Samsung_Galaxy_S_(2010_smartphone)","Samsung Galaxy S (2010 smartphone)",,2010-06-04
"http://dbpedia.org/resource/Samsung_Intensity","Samsung Intensity",,2009-09-16
"http://dbpedia.org/resource/Samsung_Galaxy_(original)","Samsung Galaxy (original)",,2009-06-29
"http://dbpedia.org/resource/Nokia_6730_classic","Nokia 6730 classic",,2009-05-29
"http://dbpedia.org/resource/Nokia_N79","Nokia N79",,2008-10-20
"http://dbpedia.org/resource/Sony_Ericsson_W980","Sony Ericsson W980",,2008-02-11
"http://dbpedia.org/resource/Nokia_1208","Nokia 1208","Nokia Corporation",2008-01-15
"http://dbpedia.org/resource/Sony_Ericsson_W610i","Sony Ericsson W610i",,2007-04-30
"http://dbpedia.org/resource/Nokia_N73","Nokia N73",,2006-05-22
"http://dbpedia.org/resource/Nokia_6103","Nokia 6103",,2006-03-16
"http://dbpedia.org/resource/Nokia_3310","Nokia 3310",,2000-09-01
"http://dbpedia.org/resource/Samsung_Galaxy_A20s","Samsung Galaxy A20s","Samsung Group",1923-09-19
